card stock,,,
control panel,,,
customer service,customer support,,
documents feeder,feed tray,paper feeder,paper feed
duplex feature,duplex,,
error message,,,
firmware update,,,
initial setup,,,
install software,,,
latest drivers,,,
lcd screen,,,
legal size,,,
mac os,mac,mac user,
manual feed,,,
memory card,,,
multiple pages,,,
operating system,,,
output tray,,,
paper handle,,,
paper jam,,,
paper size,size paper,size,
paper tray,,,
pdf file,,,
phone line,,,
plain paper,,,
power cord,,,
price point,money,price,cost
price range,,,
regular paper,,,
replace toner,,,
scan feature,scan function,,
scan software,,,
sd card,,,
sheets feeder,,,
sleep mode,,,
snow leopard,,,
software install,,,
starter cartridges,,,
starter toner,,,
tech support,technical support,support,
test pages,,,
toner cartridges,,,
touch screen,,,
wifi connection,,,
windows vista,,,
windows xp,,,
capability,,,
connection,,,
copy,,,
device,machine,,
feature,,,
function,,,
image,pictures,,
install,,,
instructions,,,
mode,,,
office,,,
option,,,
paper,,,
part,,,
scan,scanner,,
setup,,,
software,,,
text,,,
toner,,,
wifi,,,